{
  "data_path": "data/model_ready_cohort.parquet",
  "manifest_path": "data/model_ready_cohort_manifest.json",
  "package_versions": {
    "numpy": "2.4.4",
    "pandas": "3.0.2",
    "polars": "1.40.0",
    "scikit_learn": "1.8.0",
    "xgboost": "3.2.0"
  },
  "random_state": 42,
  "n_folds": 5,
  "cv_scores": {
    "accuracy": {
      "mean": 0.9980997624703087,
      "std": 0.000950118764845609
    },
    "balanced_accuracy": {
      "mean": 0.9974110032362461,
      "std": 0.0012944983818770073
    },
    "macro_f1": {
      "mean": 0.9980917458377316,
      "std": 0.0009541270811341373
    },
    "log_loss": {
      "mean": 0.005127997253664253,
      "std": 0.0023725894595191255
    }
  },
  "n_features": 708,
  "label_map": {
    "BRCA": 0,
    "LUAD": 1,
    "PRAD": 2
  },
  "class_counts": {
    "BRCA": 1094,
    "LUAD": 515,
    "PRAD": 495
  },
  "accuracy": 0.9980997624703087,
  "balanced_accuracy": 0.9974110032362461,
  "macro_f1": 0.9980917458377316,
  "weighted_f1": 0.998096888005742,
  "log_loss": 0.005127997253664253,
  "classification_report": {
    "BRCA": {
      "precision": 0.9963570127504554,
      "recall": 1.0,
      "f1-score": 0.9981751824817519,
      "support": 1094.0
    },
    "LUAD": {
      "precision": 1.0,
      "recall": 0.9922330097087378,
      "f1-score": 0.9961013645224172,
      "support": 515.0
    },
    "PRAD": {
      "precision": 1.0,
      "recall": 1.0,
      "f1-score": 1.0,
      "support": 495.0
    },
    "accuracy": 0.9980988593155894,
    "macro avg": {
      "precision": 0.9987856709168185,
      "recall": 0.997411003236246,
      "f1-score": 0.9980921823347231,
      "support": 2104.0
    },
    "weighted avg": {
      "precision": 0.9981057851468623,
      "recall": 0.9980988593155894,
      "f1-score": 0.998096888005742,
      "support": 2104.0
    }
  },
  "confusion_matrix": [
    [
      1094,
      0,
      0
    ],
    [
      4,
      511,
      0
    ],
    [
      0,
      0,
      495
    ]
  ],
  "plot_paths": {
    "confusion_matrix": "data/classification_pipeline/plots/confusion_matrix.png",
    "normalized_confusion_matrix": "data/classification_pipeline/plots/confusion_matrix_normalized.png",
    "feature_importance": "data/classification_pipeline/plots/feature_importance_top25.png",
    "roc_curves": "data/classification_pipeline/plots/roc_curves.png"
  },
  "leakage_notes": [
    "Stratified 5-fold CV \u2014 no patient appears in both train and val for their own fold.",
    "No imputation or scaling is fit before splitting.",
    "XGBoost handles NaN feature values natively.",
    "Balanced sample weights are fit on training fold only, never on val.",
    "Final model is refit on full dataset for feature importances and the model artifact.",
    "OOF predictions cover all patients and are used for confusion matrix, ROC curves, and test_predictions.csv."
  ],
  "model_path": "data/classification_pipeline/xgboost_cohort_model.json",
  "metrics_path": "data/classification_pipeline/classification_metrics.json",
  "predictions_path": "data/classification_pipeline/test_predictions.csv",
  "split_assignments_path": "data/classification_pipeline/split_assignments.csv",
  "feature_importances_path": "data/classification_pipeline/feature_importances.csv"
}
